﻿id,name,type,status,start_time,end_time,is_all_day,is_flagged,is_timed,description,participants,leads,creator,created_time,note,follow_up_activity_id
4-activities,"Signed up for a trial","Phone Call",Logged,"2019-08-13 18:26:12","2019-08-13 18:41:12",false,false,true,,"Joe Malcoun",,,"2019-08-13 18:41:12","By signing up for a Nutshell trial you're ready to start tracking sales and stay on top of communication with your customers. It's simple to schedule activities like this one, and then mark them as logged when you've finished the meeting or phone call.

You can also sync the activities that you schedule with your Google or Microsoft Exchange calendar.

- https://support.nutshell.com/hc/en-us/articles/115012674547-How-do-I-sync-my-Gmail-
- https://support.nutshell.com/hc/en-us/articles/115013296748-Microsoft-Exchange-integrate-your-calendar",
