﻿id,subject,headers,body,sent_time,created_time,zendesk_ticket_id,lead_ids,contact_ids,account_ids,user_ids,first_contact_legacy_id
4-emails,"Welcome to Nutshell!",,"I'd like to say hello, and introduce you to your company's feed! You see real-time information about what's happening across your Nutshell account, including the email you send and receive.

Add email to Nutshell by BCC'ing the message to bcc@nutshell.com, tagging messages in your Google Apps account, or sending an email directly from Nutshell!

- https://support.nutshell.com/hc/en-us/articles/115013087647-BCC-your-emails-into-Nutshell
- https://support.nutshell.com/hc/en-us/articles/115012699387-Send-email-from-Nutshell",,"2019-08-13 18:41:12",,,,,1-users,
