﻿id,type,subject_id,name,creator,note,created_time,subject_legacy_id,associated_entity_id,associated_legacy_id
4-notes,Contacts,4-contacts,"Joe Malcoun",,"As CEO of Nutshell, Joe lives and breathes CRM. Whenever you get a chance to talk to him, be sure to mention how you can '@ mention' your fellow Nutshell users, @[Users:1] - writing notes and roping in your colleagues helps everyone stay on the same page.","2019-08-13 18:41:12",,,
8-notes,Activities,4-activities,"Signed up for a trial",,"By signing up for a Nutshell trial you're ready to start tracking sales and stay on top of communication with your customers. It's simple to schedule activities like this one, and then mark them as logged when you've finished the meeting or phone call.

You can also sync the activities that you schedule with your Google or Microsoft Exchange calendar.

- https://support.nutshell.com/hc/en-us/articles/115012674547-How-do-I-sync-my-Gmail-
- https://support.nutshell.com/hc/en-us/articles/115013296748-Microsoft-Exchange-integrate-your-calendar","2019-08-13 18:41:12",,4-contacts,
